﻿<?xml version="1.0" encoding="utf-8"?>
<USB_HID_DEVICE>
  <Device_Num>
    <Total_Num>2</Total_Num>
  </Device_Num>
  <Item1>
    <Name_ID>微克摇杆</Name_ID>
    <Ch1_Name>左右跟踪</Ch1_Name>
    <Ch2_Name>俯仰跟踪</Ch2_Name>
    <Ch3_Name>跟踪上下</Ch3_Name>
    <Ch4_Name>航向</Ch4_Name>
    <Ch5_Name>拍照</Ch5_Name>
    <Ch6_Name>录像</Ch6_Name>
    <Ch7_Name>变焦</Ch7_Name>
    <Ch8_Name>常规模式</Ch8_Name>
    <Ch9_Name>对焦</Ch9_Name>
    <Ch10_Name>特殊模式</Ch10_Name>
    <Ch11_Name>一键变焦</Ch11_Name>
    <Ch12_Name>跟踪开启</Ch12_Name>
    <Ch1_Mapping>0</Ch1_Mapping>
    <Ch2_Mapping>1</Ch2_Mapping>
    <Ch3_Mapping>2</Ch3_Mapping>
    <Ch4_Mapping>3</Ch4_Mapping>
    <Ch5_Mapping>4</Ch5_Mapping>
    <Ch6_Mapping>5</Ch6_Mapping>
    <Ch7_Mapping>6</Ch7_Mapping>
    <Ch8_Mapping>7</Ch8_Mapping>
    <Ch9_Mapping>8</Ch9_Mapping>
    <Ch10_Mapping>9</Ch10_Mapping>
    <Ch11_Mapping>10</Ch11_Mapping>
    <Ch12_Mapping>11</Ch12_Mapping>
    <Ch1_Reverse>0</Ch1_Reverse>
    <Ch2_Reverse>1</Ch2_Reverse>
    <Ch3_Reverse>0</Ch3_Reverse>
    <Ch4_Reverse>0</Ch4_Reverse>
    <Ch5_Reverse>0</Ch5_Reverse>
    <Ch6_Reverse>0</Ch6_Reverse>
    <Ch7_Reverse>0</Ch7_Reverse>
    <Ch8_Reverse>0</Ch8_Reverse>
    <Ch9_Reverse>0</Ch9_Reverse>
    <Ch10_Reverse>0</Ch10_Reverse>
    <Ch11_Reverse>0</Ch11_Reverse>
    <Ch12_Reverse>0</Ch12_Reverse>
    <RTSP>rtsp://admin:admin@192.168.42.108/live1</RTSP>
  </Item1>
  <Item2>
    <Name_ID>华之翼T30S</Name_ID>
    <Ch1_Name>左右</Ch1_Name>
    <Ch2_Name>俯仰</Ch2_Name>
    <Ch3_Name>跟踪上下</Ch3_Name>
    <Ch4_Name>航向</Ch4_Name>
    <Ch5_Name>拍照</Ch5_Name>
    <Ch6_Name>录像</Ch6_Name>
    <Ch7_Name>变焦</Ch7_Name>
    <Ch8_Name>常规模式</Ch8_Name>
    <Ch9_Name>对焦</Ch9_Name>
    <Ch10_Name>特殊模式</Ch10_Name>
    <Ch11_Name>一键变焦</Ch11_Name>
    <Ch12_Name>跟踪开启</Ch12_Name>
    <Ch1_Mapping>0</Ch1_Mapping>
    <Ch2_Mapping>1</Ch2_Mapping>
    <Ch3_Mapping>2</Ch3_Mapping>
    <Ch4_Mapping>3</Ch4_Mapping>
    <Ch5_Mapping>4</Ch5_Mapping>
    <Ch6_Mapping>5</Ch6_Mapping>
    <Ch7_Mapping>6</Ch7_Mapping>
    <Ch8_Mapping>7</Ch8_Mapping>
    <Ch9_Mapping>8</Ch9_Mapping>
    <Ch10_Mapping>9</Ch10_Mapping>
    <Ch11_Mapping>10</Ch11_Mapping>
    <Ch12_Mapping>11</Ch12_Mapping>
    <Ch1_Reverse>0</Ch1_Reverse>
    <Ch2_Reverse>0</Ch2_Reverse>
    <Ch3_Reverse>0</Ch3_Reverse>
    <Ch4_Reverse>0</Ch4_Reverse>
    <Ch5_Reverse>0</Ch5_Reverse>
    <Ch6_Reverse>0</Ch6_Reverse>
    <Ch7_Reverse>0</Ch7_Reverse>
    <Ch8_Reverse>0</Ch8_Reverse>
    <Ch9_Reverse>0</Ch9_Reverse>
    <Ch10_Reverse>0</Ch10_Reverse>
    <Ch11_Reverse>0</Ch11_Reverse>
    <Ch12_Reverse>0</Ch12_Reverse>
    <RTSP>rtsp://admin:admin@192.168.42.108/live3</RTSP>
  </Item2>
</USB_HID_DEVICE>